链接,等级,亮点,出售剩余时间,公示期截止时间,门派,综合实力,人物评分,召唤灵评分,装备评分,历史门派,历史角色,昵称,造型,仙玉数,总金币数,月饼粽子食用量,气血上限,物理伤害,法术伤害,速度,物理防御,法术防御,治疗强度,魔法上限,物理暴击,法术暴击,物理抗暴,法术抗暴,封印命中,抵抗封印,物理暴击伤害,法术暴击伤害,物理抵抗,法术抵抗,气血恢复效果,当前加点方案,永久助战,成就点数,称谓,,
"https://my-oppo.cbg.163.com/cgi/mweb/equip/421/202311111701716-421-0XVBKZTSIPSA?view_loc=search_cond%7Ctag_key%3A%7B%22is_from_ad_reco%22%3A%200,%20%22tag%22%3A%20%22user%22%7D&reco_request_id=1700856063620pcPBU&tag=user",115,       同价位超越92.02%角色            门派排名第6名     满11段神兽x18红神宠特技x4逆满法宝x2满阶门派法宝,9天16时,,月宫,56531,29835,26696,9939,大唐官府，月宫，狮驼岭,剑侠客，逍遥生，龙太子，虎头怪,恩赐解脱、爆,龙太子,20,2,979,4879,2768,601,1103,1236,1251,281,2356,281,2356,1%,0%,0%,0%,2313,2326,0,0,28,0,0,体质：116魔力：118力量：732耐力：121敏捷：117,红孩儿（⭐ ⭐ ⭐ ）、孙悟空（⭐ ⭐ ）、观音菩萨（⭐ ⭐ ）、唐僧（⭐ ⭐ ）、阎罗王（天地）、小白龙（天地）、牛魔王（天地）、北海龙子（天）、万圣公主（天）、西海龙王（天）、青莲仙女（天）、孙婆婆（天）、司药御侍（天）、老鼠精（天）、白无常（天）、李天王（天）、大当家（天）、铁扇公主（天）、猪八戒（天）、菩提老祖（天）、黑无常（天）、北海龙女（天）、百花羞（天）、惠岸行者（天）、飞霞（天）、酒肉和尚（天）、大鹏王（天）、玉兔精、黄袍怪、嫦娥、哪吒、银角大王、情丝娘子、镇元子、星宿神君、杨戬、蝎子精、沙和尚、金角大王、北海龙王、太白金星、地藏菩萨、空度禅师,1362,江湖小虾、竞技场·小试牛刀、剑会群雄·先锋二级、剑会群雄·钦佩、剑会群雄·助人为乐、梦幻迷城·新秀二级、地煞·履水吐焰、擂台争霸·战将、剑会群雄·百胜、月华尊者、八斗之才、剑会群雄·小试牛刀、竞技场·十胜、精灵小助手·窥径、亿万热爱·青春梦幻
"https://my-oppo.cbg.163.com/cgi/mweb/equip/358/202311142301716-358-0RR6FFD9B9XJ?view_loc=search_cond%7Ctag_key%3A%7B%22is_from_ad_reco%22%3A%200,%20%22tag%22%3A%20%22user%22%7D&reco_request_id=1700856063620pcPBU&tag=user",115,       同价位超越98.84%角色     双蓝装备x1满12段8红神宠特技x3满级阵法x5,10天4时,,花果山,54120,29226,24894,11126,狮驼岭，月宫,杀破狼,高山我梦ヾ゜,龙太子,18,559,773,5685,2907,611,1130,1063,1449,207,207,2648,0%,0%,0%,0%,10,2334,29,0,0,0,16,体质：125魔力：116力量：717耐力：122敏捷：120,酒肉和尚（⭐ ）、阎罗王（天地）、青狮王（天地）、孙悟空（天地）、杏林仙（天地）、北海龙子（天地）、万圣公主（天地）、西海龙王（天地）、法明长老（天地）、青莲仙女（天地）、镇元子（天地）、孙婆婆（天地）、小白龙（天地）、司药御侍（天地）、老鼠精（天地）、白无常（天地）、红孩儿（天地）、李天王（天地）、观音菩萨（天地）、铁扇公主（天地）、蝎子精（天地）、猪八戒（天地）、唐僧（天地）、九灵元圣（天地）、菩提老祖（天地）、黑无常（天地）、百花羞（天地）、牛魔王（天地）、北海龙王（天地）、惠岸行者（天地）、太白金星（天地）、地藏菩萨（天地）、飞霞（天地）、空度禅师（天地）、玉面狐狸（天地）、白象王（天地）、大鹏王（天地）、哪吒、星宿神君,1409,擂台争霸·幕后英雄、梦幻竞猜·睹始如终、竞技场·千战、竞技场·救死扶伤、瑶池蜃境·1层通关、江湖小虾、剑会群雄·封印有术、剑会群雄·精英三级、剑会群雄·助人为乐、竞技场·千胜、剑会群雄·崇拜、伏妖行者、竞技场·助人为乐、地煞·履水吐焰、擂台争霸·战将、剑会群雄·百胜、剑会群雄·嗜血、梦幻迷城·先锋一级、竞技场·嗜血、八斗之才、精灵小助手·窥径、亿万热爱·青春梦幻、循循善诱,
"https://my-oppo.cbg.163.com/cgi/mweb/equip/354/202311050001716-354-CGV35W5LX8BS?view_loc=search_cond%7Ctag_key%3A%7B%22is_from_ad_reco%22%3A%200,%20%22tag%22%3A%20%22user%22%7D&reco_request_id=1700856063620pcPBU&tag=user",115,       同价位超越94.57%角色     满11段8红神宠满阶门派法宝满阶乾坤一脉,9天2时,,月宫,56414,29924,26490,10354,阴曹地府，化生寺，方寸山，普陀山，大唐官府，狮驼岭，月宫，花果山,杀破狼，剑侠客，龙太子,小白不白、,龙太子,10,17,205,4872,2585,625,1384,1436,1249,289,289,2767,2%,0%,0%,0%,2317,2313,55,31,0,0,0,体质：116魔力：116力量：548耐力：115敏捷：309,酒肉和尚（⭐ ⭐ ）、黄袍怪（⭐ ）、阎罗王（天地）、观音菩萨（天地）、九头虫（天地）、猪八戒（天地）、蝎子精（天地）、铁扇公主（天地）、孙悟空（天地）、万圣公主（天地）、唐僧（天地）、菩提老祖（天地）、西海龙王（天地）、汤圆（天地）、法明长老（天地）、金角大王（天地）、牛魔王（天地）、百花羞（天地）、惠岸行者（天地）、孙婆婆（天地）、司药御侍（天地）、小白龙（天地）、飞霞（天地）、空度禅师（天地）、星宿神君（天地）、老鼠精（天地）、红孩儿（天地）、李天王（天地）、大鹏王（天地）、杨戬,1426,擂台争霸·幕后英雄、竞技场·救死扶伤、剑会群雄·封印有术、竞技场·百胜、剑会群雄·救死扶伤、竞技场·百战、竞技场·治疗高手、剑会群雄·显赫、明日之星、梦幻竞猜·见时知几、剑会群雄·治疗高手、六星地煞·移山覆海、梦幻迷城·新秀二级、擂台争霸·战将、剑会群雄·百胜、剑会群雄·战将二级、剑会群雄·嗜血、月华尊者、竞技场·嗜血、八斗之才、精灵小助手·窥径、循循善诱,
"https://my-oppo.cbg.163.com/cgi/mweb/equip/340/202311130001716-340-6FEAI4YUVUBI?view_loc=search_cond%7Ctag_key%3A%7B%22is_from_ad_reco%22%3A%200,%20%22tag%22%3A%20%22user%22%7D&reco_request_id=1700856063620pcPBU&tag=user",115,       同价位超越91.71%角色     双蓝装备x1满12段特技x1满阶门派法宝满阶乾坤一脉满级阵法x2,9天3时,,大唐官府,52363,28190,24173,9847,大唐官府，月宫，狮驼岭,飞燕女，梦灵珑(仙族)，骨精灵,交亿认准老唐,飞燕女,41,400,964,5109,2840,575,1229,1115,1247,257,257,2805,4%,0%,0%,0%,0,2329,80,27,33,0,16,体质：115魔力：115力量：744耐力：115敏捷：115,孙悟空（天地）、汤圆（天地）、法明长老（天地）、老鼠精（天地）、红孩儿（天地）、蝎子精（天地）、铁扇公主（天地）、唐僧（天地）、酒肉和尚（天地）、大鹏王（天地）、阎罗王（天）、万圣公主（天）、黄袍怪（天）、西海龙王（天）、嫦娥（天）、哪吒（天）、镇元子（天）、孙婆婆（天）、小白龙（天）、星宿神君（天）、白无常（天）、大当家（天）、李天王（天）、观音菩萨（天）、猪八戒（天）、九灵元圣（天）、菩提老祖（天）、黑无常（天）、北海龙女（天）、百花羞（天）、牛魔王（天）、惠岸行者（天）、太白金星（天）,1632,瑶池蜃境·1层通关、梦幻卡牌·略知一二、九黎·扬名五洲、竞技场·小试牛刀、九黎·号令四方、渔家乐·在水一方、剑会群雄·精英一级、武林高手、牡丹御使、擂台争霸·战将、地煞·履水吐焰、鹤鸣九皋、竞技场·十胜、渔家傲·愿者上钩、擂台争霸·幕后英雄、凌波曲·独钓寒江、竞技场·百战、剑会群雄·十胜、厚德树人、梦幻迷城·新秀三级、精灵小助手·小成、定风波·河豚克星、剑会群雄·扬名、剑会群雄·小试牛刀、亿万热爱·青春梦幻,
"https://my-oppo.cbg.163.com/cgi/mweb/equip/410/202311081401716-410-XQNFFU4WNBN2?view_loc=search_cond%7Ctag_key%3A%7B%22is_from_ad_reco%22%3A%200,%20%22tag%22%3A%20%22user%22%7D&reco_request_id=1700856063620pcPBU&tag=user",115,       同价位超越98.30%角色            门派排名第6名     神兽x19红神宠特技x3逆满法宝x2满阶门派法宝满阶乾坤一脉,3天10时,,花果山,58293,29349,28944,9498,大唐官府，狮驼岭，月宫，方寸山，花果山,逍遥生，剑侠客，漠少君，杀破狼，羽灵神，神天兵，龙太子，虎头怪，越星河,封心葬大海。,龙太子,6,4,513,5160,2739,571,1074,931,1392,202,202,2408,0%,0%,0%,0%,0,2317,58,0,25,0,15,体质：115魔力：116力量：738耐力：115敏捷：115,蝎子精（⭐ ⭐ ⭐ ）、红孩儿（⭐ ⭐ ⭐ ）、李天王（⭐ ⭐ ⭐ ）、大鹏王（⭐ ⭐ ）、阎罗王（⭐ ）、铁扇公主（⭐ ）、孙悟空（⭐ ）、牛魔王（⭐ ）、酒肉和尚（⭐ ）、观音菩萨（天地）、猪八戒（天地）、唐僧（天地）、万圣公主（天地）、北海龙子（天地）、菩提老祖（天地）、西海龙王（天地）、汤圆（天地）、法明长老（天地）、沙和尚（天地）、青莲仙女（天地）、百花羞（天地）、惠岸行者（天地）、太白金星（天地）、地藏菩萨（天地）、孙婆婆（天地）、飞霞（天地）、小白龙（天地）、老鼠精（天地）、白无常（天地）、大当家（天地）、星宿神君,1265,擂台争霸·幕后英雄、江湖小虾、剑会群雄·封印有术、竞技场·百胜、竞技场·封印有术、剑会群雄·救死扶伤、考古者·古迹烟尘、竞技场·百战、考古者·墨色陈香、九黎·七星连珠、剑会群雄·勇者一级、剑会群雄·助人为乐、剑会群雄·钦佩、梦幻迷城·新秀三级、竞技场·助人为乐、地煞·履水吐焰、擂台争霸·战将、剑会群雄·百胜、竞技场·嗜血、八斗之才、剑会群雄·小试牛刀、精灵小助手·窥径、循循善诱,
"https://my-oppo.cbg.163.com/cgi/mweb/equip/328/202311012101716-328-4C3ZJX3FATG5?view_loc=search_cond%7Ctag_key%3A%7B%22is_from_ad_reco%22%3A%200,%20%22tag%22%3A%20%22user%22%7D&reco_request_id=1700856063620pcPBU&tag=user",115,       同价位超越98.60%角色     满11段满阶门派法宝满级阵法x1,10天17时,,狮驼岭,50100,26571,23529,9599,大唐官府，狮驼岭，月宫,剑侠客，杀破狼，巨魔王，龙太子,温孤天逸,虎头怪,7,62,108,5971,2751,540,1074,1000,1282,249,249,2304,3%,0%,0%,0%,0,2300,32,0,26,0,0,体质：116魔力：115力量：740耐力：115敏捷：118,铁扇公主（⭐ ⭐ ⭐ ）、唐僧（⭐ ⭐ ⭐ ）、孙悟空（⭐ ⭐ ）、红孩儿（⭐ ⭐ ）、阎罗王（⭐ ）、北海龙子（⭐ ）、李天王（⭐ ）、地藏菩萨（⭐ ）、酒肉和尚（⭐ ）、大鹏王（⭐ ）、青狮王（天地）、杏林仙（天地）、万圣公主（天地）、汤圆（天地）、哪吒（天地）、老鼠精（天地）、观音菩萨（天地）、蝎子精（天地）、猪八戒（天地）、九灵元圣（天地）、菩提老祖（天地）、黑无常（天地）、沙和尚（天地）、惠岸行者（天地）、北海龙王（天地）、白象王（天地）、玉兔精（天）、西海龙王（天）、黄袍怪（天）、嫦娥（天）、法明长老（天）、镇元子（天）、孙婆婆（天）、小白龙（天）、白无常（天）、北海龙女（天）、牛魔王（天）、百花羞（天）、太白金星（天）、空度禅师（天）、飞霞（天）、星宿神君、金箍棒灵,1207,瑶池蜃境·1层通关、江湖小虾、竞技场·百胜、剑会群雄·救死扶伤、竞技场·小试牛刀、渔家乐·在水一方、竞技场·百战、剑会群雄·显赫、剑会群雄·精英三级、梦幻竞猜·见时知几、剑会群雄·助人为乐、竞技场·助人为乐、地煞·履水吐焰、剑会群雄·百胜、剑会群雄·嗜血、八斗之才、如鱼水·浪里白条、精灵小助手·窥径、亿万热爱·青春梦幻、梦幻迷城·先锋三级,
"https://my-oppo.cbg.163.com/cgi/mweb/equip/318/202310301201716-318-P6QYGAFQQRTJ?view_loc=search_cond%7Ctag_key%3A%7B%22is_from_ad_reco%22%3A%200,%20%22tag%22%3A%20%22user%22%7D&reco_request_id=1700856063620pcPBU&tag=user",115,       同价位超越95.36%角色     满11段神兽x18红神宠逆满法宝x1满级阵法x1,8天8时,,花果山,51119,27790,23329,9623,方寸山，普陀山，龙宫，月宫,逍遥生，剑侠客，羽灵神，龙太子，神天兵,不空,龙太子,9,5,900,5061,2824,631,1100,1056,1380,324,2082,1%,2082,1%,0%,0%,0%,20,2325,0,0,0,0,15,体质：116魔力：117力量：734耐力：115敏捷：118,孙悟空（⭐ ）、北海龙子（⭐ ）、阎罗王（天地）、法明长老（天地）、老鼠精（天地）、红孩儿（天地）、猪八戒（天地）、唐僧（天地）、菩提老祖（天地）、惠岸行者（天地）、空度禅师（天地）、大鹏王（天地）、西海龙王（天）、小白龙（天）、杨戬（天）、李天王（天）、蝎子精（天）、九灵元圣（天）、北海龙女（天）、北海龙王（天）、星宿神君、百花羞、酒肉和尚,1201,擂台争霸·幕后英雄、江湖小虾、剑会群雄·封印有术、竞技场·百胜、剑会群雄·救死扶伤、竞技场·小试牛刀、九黎·扬名五洲、摸鱼儿·初涉垂钓、九黎·号令四方、剑会群雄·勇者四级、竞技场·百战、九黎·三韬六略、剑会群雄·助人为乐、剑会群雄·崇拜、梦幻迷城·新秀二级、六星地煞·移山覆海、竞技场·助人为乐、剑会群雄·百胜、擂台争霸·战将、八斗之才、剑会群雄·小试牛刀、精灵小助手·窥径、循循善诱
"https://my-oppo.cbg.163.com/cgi/mweb/equip/328/202302140701716-328-7RJWPRRWKWTU?view_loc=search_cond%7Ctag_key%3A%7B%22is_from_ad_reco%22%3A%200,%20%22tag%22%3A%20%22user%22%7D&reco_request_id=1700856063620pcPBU&tag=user",115,       同价位超越88.56%角色     8红神宠特技x1,2天20时,,大唐官府,51320,25824,25496,8440,无,剑侠客，逍遥生,遗失记忆,漠少君,0,0,38,4621,2640,562,985,1177,1182,308,2202,0%,0%,0%,0%,0,2300,0,0,0,0,0,体质：117魔力：115力量：710耐力：123敏捷：123,孙悟空（天地）、法明长老（天地）、青莲仙女（天地）、小白龙（天地）、老鼠精（天地）、红孩儿（天地）、观音菩萨（天地）、猪八戒（天地）、蝎子精（天地）、菩提老祖（天地）、金箍棒灵（天地）、沙和尚（天地）、惠岸行者（天地）、地藏菩萨（天地）、空度禅师（天地）、阎罗王（天）、青狮王（天）、杏林仙（天）、北海龙子（天）、万圣公主（天）、西海龙王（天）、嫦娥（天）、镇元子（天）、孙婆婆（天）、司药御侍（天）、李天王（天）、铁扇公主（天）、唐僧（天）、九灵元圣（天）、北海龙女（天）、牛魔王（天）、百花羞（天）、太白金星（天）、黄眉（天）、酒肉和尚（天）、飞霞（天）、玉面狐狸（天）、大鹏王（天）、星宿神君、白无常,1038,地煞·御风神行、瑶池蜃境·1层通关、飞骑御使、竞技场·小试牛刀、2019时光收藏者、竞技场·百战、海底蜃境·2层通关、倚马七纸、剑会群雄·十胜、剑会群雄·先锋二级、明日之星、梦幻迷城·新秀三级、西江月·无名渔夫、为人师表、剑会群雄·敬重、剑会群雄·小试牛刀、竞技场·十胜、精灵小助手·窥径、亿万热爱·青春梦幻,,
"https://my-oppo.cbg.163.com/cgi/mweb/equip/358/202309110301716-358-JLWF3PWOSQWH?view_loc=search_cond%7Ctag_key%3A%7B%22is_from_ad_reco%22%3A%200,%20%22tag%22%3A%20%22user%22%7D&reco_request_id=1700856063620pcPBU&tag=user",115,       同价位超越99.57%角色            门派排名第14名     神兽x19红神宠特技x1逆满法宝x1满阶门派法宝满级阵法x1,10时1分,,狮驼岭,52903,27582,25321,9857,大唐官府，月宫，化生寺，花果山,逍遥生，剑侠客，龙太子,吴兄°,杀破狼,4,248,238,5841,2801,575,1155,984,1228,313,2225,2225,1%,0%,0%,0%,13,2323,30,0,50,30,70,体质：115魔力：115力量：740耐力：116敏捷：115,酒肉和尚（⭐ ⭐ ⭐ ）、阎罗王（天地）、孙悟空（天地）、青狮王（天地）、法明长老（天地）、老鼠精（天地）、铁扇公主（天地）、菩提老祖（天地）、惠岸行者（天地）、大鹏王（天地）、北海龙子（天）、西海龙王（天）、孙婆婆（天）、小白龙（天）、红孩儿（天）、猪八戒（天）、蝎子精（天）、唐僧（天）、九灵元圣（天）、黑无常（天）、牛魔王（天）、飞霞（天）、空度禅师（天）、汤圆、星宿神君、李天王、观音菩萨、沙和尚、百花羞,1360,七星地煞·举火燎天、江湖小虾、竞技场·百胜、竞技场·小试牛刀、竞技场·百战、剑会群雄·显赫、梦幻竞猜·见时知几、剑会群雄·助人为乐、三界妖将、竞技场·助人为乐、梦幻迷城·新秀二级、剑会群雄·百胜、剑会群雄·嗜血、八斗之才、剑会群雄·战将三级、剑会群雄·慈悲为怀、精灵小助手·窥径、亿万热爱·青春梦幻、循循善诱,
"https://my-oppo.cbg.163.com/cgi/mweb/equip/396/202309201901716-396-ISIDORHMPEW7?view_loc=search_cond%7Ctag_key%3A%7B%22is_from_ad_reco%22%3A%200,%20%22tag%22%3A%20%22user%22%7D&reco_request_id=1700856063620pcPBU&tag=user",115,       同价位超越96.80%角色            门派排名第14名     石破天惊·四件(2/4)特技x1满阶乾坤一脉满级阵法x2,10天15时,,花果山,53966,29779,24187,10370,狮驼岭，月宫，花果山,虎头怪，羽灵神，龙太子,醉染ゞ,龙太子,13,329,615,6681,2539,619,1418,973,1285,259,2471,2471,4%,0%,0%,0%,0,2339,53,29,0,0,0,体质：115魔力：117力量：498耐力：115敏捷：355,孙悟空（⭐ ）、红孩儿（⭐ ）、李天王（⭐ ）、酒肉和尚（⭐ ）、法明长老（天地）、小白龙（天地）、老鼠精（天地）、蝎子精（天地）、铁扇公主（天地）、唐僧（天地）、菩提老祖（天地）、牛魔王（天地）、北海龙王（天地）、惠岸行者（天地）、阎罗王（天）、西海龙王（天）、观音菩萨（天）、猪八戒（天）、九灵元圣（天）、青狮王、杏林仙、万圣公主、北海龙子、黄袍怪、汤圆、镇元子、星宿神君、杨戬、北海龙女、百花羞、太白金星、白象王、大鹏王,1338,海底蜃境·1层通关、瑶池蜃境·1层通关、竞技场·小试牛刀、渔家乐·在水一方、剑会群雄·勇者一级、剑会群雄·崇拜、渔歌子·海天阔处、地煞·履水吐焰、梦幻迷城·先锋二级、精灵小助手·窥径、竞技场·百胜、剑会群雄·救死扶伤、竞技场·百战、诲人不倦、明日之星、剑会群雄·助人为乐、竞技场·助人为乐、剑会群雄·百胜、八斗之才、剑会群雄·小试牛刀、搅海帅首、亿万热爱·青春梦幻,
"https://my-oppo.cbg.163.com/cgi/mweb/equip/335/202306072101716-335-KFYOLSPOZAON?view_loc=search_cond%7Ctag_key%3A%7B%22is_from_ad_reco%22%3A%200,%20%22tag%22%3A%20%22user%22%7D&reco_request_id=1700856063620pcPBU&tag=user",115,       同价位超越67.42%角色     满11段8红神宠特技x1满阶门派法宝满级阵法x2,6天6时,,月宫,53611,27439,26172,9266,狮驼岭，花果山,虎头怪，杀破狼,过客他哥,龙太子,61,645,79,4651,2841,554,1089,1216,1245,224,2353,2353,1%,0%,0%,2%,2311,2319,28,29,0,0,0,体质：116魔力：115力量：736耐力：115敏捷：116,阎罗王（天地）、观音菩萨（天地）、蝎子精（天地）、铁扇公主（天地）、孙悟空（天地）、汤圆（天地）、法明长老（天地）、牛魔王（天地）、惠岸行者（天地）、孙婆婆（天地）、司药御侍（天地）、飞霞（天地）、红孩儿（天地）、大鹏王（天地）、猪八戒（天）、西海龙王（天）、百花羞（天）、镇元子（天）、小白龙（天）、星宿神君（天）、大当家（天）,1201,竞技场·救死扶伤、江湖小虾、竞技场·百胜、考古者·古迹烟尘、竞技场·百战、剑会群雄·千胜、剑会群雄·精英二级、剑会群雄·助人为乐、地煞·履水吐焰、剑会群雄·嗜血、为人师表、月华尊者、竞技场·嗜血、八斗之才、梦幻迷城·先锋二级、剑会群雄·慈悲为怀、剑会群雄·惊奇、精灵小助手·窥径、亿万热爱·青春梦幻,
,,,,,,,,,,,,,,,,,,,,,,,,,,,,,,,,,,,,,,,,,
,,,,,,,,,,,,,,,,,,,,,,,,,,,,,,,,,,,,,,,,,
,,,,,,,,,,,,,,,,,,,,,,,,,,,,,,,,,,,,,,,,,
,,,,,,,,,,,,,,,,,,,,,,,,,,,,,,,,,,,,,,,,,
,,,,,,,,,,,,,,,,,,,,,,,,,,,,,,,,,,,,,,,,,
,,,,,,,,,,,,,,,,,,,,,,,,,,,,,,,,,,,,,,,,,
,,,,,,,,,,,,,,,,,,,,,,,,,,,,,,,,,,,,,,,,,
,,,,,,,,,,,,,,,,,,,,,,,,,,,,,,,,,,,,,,,,,
,,,,,,,,,,,,,,,,,,,,,,,,,,,,,,,,,,,,,,,,,
"https://my-vivo.cbg.163.com/cgi/mweb/equip/347/202311192001716-347-PT5JHKMVO3OR?view_loc=search_cond%7Ctag_key%3A%7B%22is_from_ad_reco%22%3A%200,%20%22tag%22%3A%20%22user%22%7D&reco_request_id=1700857406530g-kvs&tag=user",115,       同价位超越95.84%角色     满11段神兽x1特技x1满阶门派法宝满级阵法x1,,25/11/2023 20:55,花果山,54552,27935,26617,9636,大唐官府，月宫，花果山,剑侠客，龙太子,奈洛,龙太子,0,"79,018",54,5561,2797,596,1065,1117,1372,226,2241,3%,0%,0%,0%,0,2317,28,0,0,46,38,体质：115魔力：115力量：744耐力：115敏捷：115,孙悟空（⭐ ⭐ ⭐ ）、红孩儿（⭐ ⭐ ⭐ ）、李天王（⭐ ⭐ ⭐ ）、蝎子精（⭐ ⭐ ⭐ ）、唐僧（⭐ ⭐ ⭐ ）、飞霞（⭐ ⭐ ⭐ ）、地藏菩萨（⭐ ⭐ ）、酒肉和尚（⭐ ）、阎罗王（天地）、北海龙子（天地）、万圣公主（天地）、西海龙王（天地）、汤圆（天地）、法明长老（天地）、小白龙（天地）、老鼠精（天地）、观音菩萨（天地）、猪八戒（天地）、铁扇公主（天地）、九灵元圣（天地）、菩提老祖（天地）、金箍棒灵（天地）、牛魔王（天地）、惠岸行者（天地）、空度禅师（天地）、大鹏王（天地）、黄袍怪（天）、星宿神君（天）、大当家（天）、百花羞（天）、镇元子、孙婆婆、杨戬、沙和尚、太白金星,1213,江湖小虾、竞技场·小试牛刀、擂台争霸·勇士、渔家乐·在水一方、剑会群雄·显赫、剑会群雄·勇者一级、渔歌子·海天阔处、为人师表、地煞·履水吐焰、剑会群雄·嗜血、竞技场·百胜、剑会群雄·救死扶伤、竞技场·百战、剑会群雄·助人为乐、梦幻迷城·新秀三级、精灵小助手·小成、剑会群雄·百胜、八斗之才、搅海帅首,,
"https://my-vivo.cbg.163.com/cgi/mweb/equip/351/202311190101716-351-XKSXEAZDZHMR?view_loc=search_cond%7Ctag_key%3A%7B%22is_from_ad_reco%22%3A%200,%20%22tag%22%3A%20%22user%22%7D&reco_request_id=1700857406530g-kvs&tag=user",115,特技x3逆满法宝x1满级阵法x2,13天21时,,花果山,48661,26152,22509,8333,方寸山，大唐官府，月宫,剑侠客，逍遥生,清秋ヾ,龙太子,0,"960,475",51,5024,2589,497,1020,977,1296,232,2248,0%,0%,0%,0%,27,2300,0,0,0,0,15,体质：115魔力：115力量：740耐力：116敏捷：115,牛魔王（天地）、铁扇公主（天地）、惠岸行者（天地）、北海龙子（天地）、小白龙（天地）、西海龙王（天地）、汤圆（天地）、百花羞（天）、北海龙王（天）、九灵元圣（天）、星宿神君（天）、大鹏王（天）、金角大王、北海龙女、银角大王,1352,地煞·御风神行、江湖小虾、竞技场·小试牛刀、渔家乐·在水一方、剑会群雄·崇拜、梦幻迷城·先锋二级、竞技场·十胜、渔家傲·愿者上钩、精灵小助手·窥径、剑会群雄·救死扶伤、考古者·古迹烟尘、竞技场·百战、剑会群雄·精英三级、剑会群雄·助人为乐、厚德树人、临江仙·逍遥渔父、竞技场·助人为乐、剑会群雄·封印高手、剑会群雄·百胜、定风波·河豚克星、八斗之才、剑会群雄·小试牛刀、搅海帅首,,
"https://my-vivo.cbg.163.com/cgi/mweb/equip/365/202311102001716-365-L6B1MX49HS9K?view_loc=search_cond%7Ctag_key%3A%7B%22is_from_ad_reco%22%3A%200,%20%22tag%22%3A%20%22user%22%7D&reco_request_id=1700857406530g-kvs&tag=user",115,       同价位超越98.68%角色            门派排名第13名     特技x2满级阵法x1,12天11时,,大唐官府,50927,27725,23202,8710,狮驼岭，魔王寨，龙宫，大唐官府，方寸山，阴曹地府，化生寺，月宫，小雷音,杀破狼，神天兵，逍遥生，剑侠客，龙太子，羽灵神,星辰°,逍遥生,5,"77,500",51,4847,2578,547,1089,1178,1136,223,2319,1%,0%,0%,0%,0,2310,0,31,0,0,43,体质：115魔力：115力量：741耐力：115敏捷：115,黄袍怪（⭐ ⭐ ）、百花羞（⭐ ⭐ ）、阎罗王（天地）、孙悟空（天地）、青狮王（天地）、唐僧（天地）、九灵元圣（天地）、菩提老祖（天地）、万圣公主（天）、北海龙子（天）、西海龙王（天）、青莲仙女（天）、小白龙（天）、老鼠精（天）、杨戬（天）、红孩儿（天）、李天王（天）、九头虫（天）、猪八戒（天）、铁扇公主（天）、金箍棒灵（天）、牛魔王（天）、惠岸行者（天）、地藏菩萨（天）、飞霞（天）、大鹏王（天）、杏林仙、玉兔精、嫦娥、法明长老、哪吒、银角大王、孙婆婆、司药御侍、星宿神君、白无常、观音菩萨、蝎子精、北海龙女、沙和尚、北海龙王、太白金星、空度禅师,1469,瑶池蜃境·1层通关、江湖小虾、竞技场·小试牛刀、剑会群雄·显赫、剑会群雄·勇者一级、梦幻竞猜·见时知几、地煞·履水吐焰、擂台争霸·战将、剑会群雄·嗜血、精灵小助手·窥径、擂台争霸·幕后英雄、飞骑御使、剑会群雄·封印有术、竞技场·百胜、剑会群雄·救死扶伤、竞技场·百战、诲人不倦、剑会群雄·治疗高手、梦幻迷城·新秀三级、剑会群雄·百胜、八斗之才、亿万热爱·青春梦幻,,
"https://my-vivo.cbg.163.com/cgi/mweb/equip/354/202309151901716-354-UNYPEMFEQQQE?view_loc=search_cond%7Ctag_key%3A%7B%22is_from_ad_reco%22%3A%200,%20%22tag%22%3A%20%22user%22%7D&reco_request_id=1700857406530g-kvs&tag=user",115,       同价位超越98.70%角色     满11段8红神宠特技x2满级阵法x1,11天19时,,花果山,51896,28779,23117,9705,大唐官府，月宫，花果山,剑侠客，漠少君,天使爱掉毛,龙太子,197,"35,406",48,5180,2803,597,983,1010,1399,321,2629,0%,0%,0%,0%,18,2300,0,62,25,0,31,体质：115魔力：115力量：738耐力：115敏捷：115,阎罗王（天地）、汤圆（天地）、铁扇公主（天地）、菩提老祖（天地）、百花羞（天地）、西海龙王（天）、星宿神君（天）,1107,渔家乐·在水一方、武林高手、梦幻竞猜·见时知几、剑会群雄·崇拜、六星地煞·移山覆海、为人师表、竞技场·嗜血、如鱼水·浪里白条、福地戍卫、精灵小助手·窥径、竞技场·救死扶伤、竞技场·百胜、剑会群雄·救死扶伤、竞技场·百战、倚马七纸、剑会群雄·精英三级、剑会群雄·助人为乐、竞技场·助人为乐、梦幻迷城·新秀二级、剑会群雄·百胜、剑会群雄·小试牛刀,,
"https://my-vivo.cbg.163.com/cgi/mweb/equip/354/202310292301716-354-WOJQM1MKX3LD?view_loc=search_cond%7Ctag_key%3A%7B%22is_from_ad_reco%22%3A%200,%20%22tag%22%3A%20%22user%22%7D&reco_request_id=1700857406530g-kvs&tag=user",115,       同价位超越96.79%角色     满11段8红神宠逆满法宝x2满阶门派法宝满阶乾坤一脉满级阵法x1,11天9时,,花果山,53888,30295,23593,10615,狮驼岭，花果山，月宫,骨精灵，梦灵珑(仙族),安沐芮°,梦灵珑(仙族),5,"154,764",54,5794,2942,601,1211,1007,1412,259,2398,2%,0%,0%,0%,30,2300,29,64,0,0,0,体质：115魔力：115力量：744耐力：115敏捷：115,百花羞（天地）、牛魔王（天地）、铁扇公主（天地）、蝎子精（天地）、孙悟空（天地）、孙婆婆（天地）、红孩儿（天地）、李天王（天地）、阎罗王（天）、唐僧（天）、小白龙（天）、西海龙王（天）、星宿神君（天）、汤圆（天）,1285,江湖小虾、竞技场·小试牛刀、剑会群雄·千胜、六星地煞·移山覆海、剑会群雄·嗜血、竞技场·十胜、精灵小助手·窥径、竞技场·百战、剑会群雄·助人为乐、历劫英娥、梦幻迷城·新秀二级、八斗之才、剑会群雄·战将三级、剑会群雄·慈悲为怀、剑会群雄·惊奇、循循善诱,,
"https://my-vivo.cbg.163.com/cgi/mweb/equip/353/202311170701716-353-4HDCM1Y7AQWQ?view_loc=search_cond%7Ctag_key%3A%7B%22is_from_ad_reco%22%3A%200,%20%22tag%22%3A%20%22user%22%7D&reco_request_id=1700857406530g-kvs&tag=user",115,       同价位超越99.89%角色            门派排名第6名     满11段神兽x18红神宠特技x2逆满法宝x1满阶门派法宝,12天3时,,大唐官府,56852,29147,27705,10073,大唐官府，狮驼岭，月宫，花果山,逍遥生，剑侠客，巨魔王，漠少君，神天兵，龙太子，羽灵神，虎头怪，杀破狼,风萧萧べ,剑侠客,5,"408,511",47,5187,2777,584,1077,1154,1321,236,2262,4%,0%,0%,0%,18,2324,0,0,28,25,48,体质：117魔力：116力量：730耐力：117敏捷：117,孙悟空（⭐ ）、北海龙子（⭐ ）、李天王（⭐ ）、唐僧（⭐ ）、菩提老祖（⭐ ）、酒肉和尚（⭐ ）、阎罗王（天地）、老鼠精（天地）、红孩儿（天地）、猪八戒（天地）、九灵元圣（天地）、北海龙女（天地）、惠岸行者（天地）、大鹏王（天地）、西海龙王（天）、法明长老（天）、孙婆婆（天）、小白龙（天）、杨戬（天）、白无常（天）、黑无常（天）、沙和尚（天）、百花羞（天）、牛魔王（天）、太白金星（天）、地藏菩萨（天）、空度禅师（天）、飞霞（天）、玉兔精、嫦娥、汤圆、青莲仙女、星宿神君、蝎子精、铁扇公主,1254,飞骑御使、梦幻竞猜·算无遗策、竞技场·百胜、竞技场·小试牛刀、剑会群雄·精英一级、武林高手、2019时光收藏者、竞技场·百战、剑会群雄·十胜、梦幻迷城·新秀三级、地煞·履水吐焰、擂台争霸·战将、为人师表、剑会群雄·扬名、八斗之才、剑会群雄·小试牛刀、精灵小助手·窥径,,
"https://my-vivo.cbg.163.com/cgi/mweb/equip/351/202311121901716-351-GJ59ZZQHU7D7?view_loc=search_cond%7Ctag_key%3A%7B%22is_from_ad_reco%22%3A%200,%20%22tag%22%3A%20%22user%22%7D&reco_request_id=1700857406530g-kvs&tag=user",115,       同价位超越99.70%角色     风起雷涌·四件(2/4)神兽x1满阶门派法宝满级阵法x1,10天12时,,花果山,51022,29183,21839,9901,化生寺，阴曹地府，魔王寨，龙宫，小雷音，狮驼岭,逍遥生，杀破狼，神天兵，巨魔王，羽灵神，虎头怪，骨精灵，狐美人,慕羿,梦灵珑(仙族),17,"257,429",41,5380,2788,566,1030,1153,1372,260,2623,6%,0%,0%,0%,0,2336,56,0,0,0,0,体质：116魔力：115力量：727耐力：115敏捷：118,铁扇公主（⭐ ⭐ ）、九灵元圣（⭐ ⭐ ）、青狮王（⭐ ）、观音菩萨（天地）、红孩儿（天地）、孙悟空（天）、唐僧（天）、北海龙子（天）、万圣公主（天）、西海龙王（天）、法明长老（天）、青莲仙女（天）、太白金星（天）、酒肉和尚（天）、小白龙（天）、大鹏王（天）、李天王（天）、猪八戒、玉兔精、菩提老祖、北海龙女、百花羞、牛魔王、惠岸行者、北海龙王、地藏菩萨、飞霞、司药御侍、星宿神君,1241,江湖小虾、九黎·扬名五洲、竞技场·小试牛刀、剑会群雄·勇者一级、剑会群雄·钦佩、擂台争霸·战将、地煞·履水吐焰、精灵小助手·窥径、梦幻竞猜·睹始如终、竞技场·百胜、竞技场·百战、剑会群雄·助人为乐、历劫英娥、梦幻迷城·新秀二级、剑会群雄·百胜、八斗之才、剑会群雄·小试牛刀、循循善诱,,
"https://my-vivo.cbg.163.com/cgi/mweb/equip/421/202311141101716-421-EIUWJGPMZB9L?view_loc=search_cond%7Ctag_key%3A%7B%22is_from_ad_reco%22%3A%200,%20%22tag%22%3A%20%22user%22%7D&reco_request_id=1700857406530g-kvs&tag=user",115,       同价位超越96.56%角色     特技x1逆满法宝x1满阶门派法宝满级阵法x1,9天6时,,花果山,53897,26739,27158,9563,月宫，花果山，狮驼岭,龙太子，巨魔王,交换人生,羽灵神,190,"587,592",54,5003,2729,534,1023,1056,1412,287,2338,3%,0%,0%,0%,0,2317,25,31,25,0,22,体质：116魔力：117力量：735耐力：115敏捷：121,大鹏王（⭐ ⭐ ⭐ ）、酒肉和尚（⭐ ）、观音菩萨（天地）、猪八戒（天地）、铁扇公主（天地）、蝎子精（天地）、青狮王（天地）、孙悟空（天地）、唐僧（天地）、北海龙子（天地）、九灵元圣（天地）、汤圆（天地）、金箍棒灵（天地）、法明长老（天地）、北海龙女（天地）、沙和尚（天地）、牛魔王（天地）、百花羞（天地）、惠岸行者（天地）、北海龙王（天地）、太白金星（天地）、孙婆婆（天地）、小白龙（天地）、飞霞（天地）、白象王（天地）、红孩儿（天地）、杨戬（天）、李天王（天）、西海龙王、哪吒、星宿神君,1238,竞技场·百胜、剑会群雄·救死扶伤、渔家乐·在水一方、剑会群雄·精英一级、竞技场·百战、明日之星、剑会群雄·助人为乐、剑会群雄·崇拜、地煞·履水吐焰、擂台争霸·战将、剑会群雄·百胜、剑会群雄·嗜血、为人师表、竞技场·嗜血、八斗之才、梦幻迷城·先锋二级、如鱼水·浪里白条、精灵小助手·窥径,,
"https://my-vivo.cbg.163.com/cgi/mweb/equip/347/202311101201716-347-R3OL57L7KFFK?view_loc=search_cond%7Ctag_key%3A%7B%22is_from_ad_reco%22%3A%200,%20%22tag%22%3A%20%22user%22%7D&reco_request_id=1700857406530g-kvs&tag=user",115,       同价位超越79.68%角色     逆满法宝x2满级阵法x1,5天17时,,花果山,50173,29400,20773,9273,龙宫，魔王寨，小雷音，化生寺，方寸山，阴曹地府，花果山，月宫,龙太子，巨魔王，虎头怪，杀破狼，剑侠客，喵千岁，飞燕女,夏日午后吃瓜,玄彩娥,25,276,54,5330,2706,569,1109,881,1449,244,2638,5%,0%,0%,0%,19,2323,27,0,0,31,19,体质：116魔力：115力量：742耐力：115敏捷：116,北海龙子（⭐ ⭐ ⭐ ）、铁扇公主（⭐ ⭐ ⭐ ）、牛魔王（⭐ ⭐ ⭐ ）、北海龙王（⭐ ⭐ ⭐ ）、红孩儿（⭐ ⭐ ）、蝎子精（⭐ ）、阎罗王（天地）、青狮王（天地）、孙悟空（天地）、杏林仙（天地）、万圣公主（天地）、西海龙王（天地）、汤圆（天地）、法明长老（天地）、孙婆婆（天地）、小白龙（天地）、老鼠精（天地）、李天王（天地）、观音菩萨（天地）、唐僧（天地）、九灵元圣（天地）、菩提老祖（天地）、北海龙女（天地）、百花羞（天地）、惠岸行者（天地）、太白金星（天地）、飞霞（天地）、空度禅师（天地）、白象王（天地）、大鹏王（天地）、玉兔精（天）、黄袍怪（天）、嫦娥（天）、哪吒（天）、银角大王（天）、青莲仙女（天）、情丝娘子（天）、镇元子（天）、司药御侍（天）、星宿神君（天）、杨戬（天）、白无常（天）、大当家（天）、九头虫（天）、猪八戒（天）、黑无常（天）、金箍棒灵（天）、沙和尚（天）、金角大王（天）、地藏菩萨（天）、酒肉和尚（天）、黄眉（天）、玉面狐狸（天）,1604,摸鱼儿·初涉垂钓、九黎·扬名五洲、竞技场·小试牛刀、九黎·号令四方、渔家乐·在水一方、剑会群雄·精英一级、武林高手、九黎·七星连珠、剑会群雄·钦佩、六星地煞·移山覆海、擂台争霸·无双、鹤鸣九皋、精灵小助手·窥径、擂台争霸·幕后英雄、剑会群雄·封印有术、竞技场·百胜、剑会群雄·救死扶伤、考古者·古迹烟尘、竞技场·百战、考古者·墨色陈香、剑会群雄·助人为乐、武神坛·勇士、历劫英娥、梦幻迷城·新秀二级、剑会群雄·百胜、剑会群雄·小试牛刀、循循善诱,,
"https://my-vivo.cbg.163.com/cgi/mweb/equip/319/202311111901716-319-8TT2BNQ6RLGV?view_loc=search_cond%7Ctag_key%3A%7B%22is_from_ad_reco%22%3A%200,%20%22tag%22%3A%20%22user%22%7D&reco_request_id=1700857406530g-kvs&tag=user",115,       同价位超越98.72%角色     满11段特技x2逆满法宝x1满级阵法x3,6天15时,,月宫,49902,29312,20590,10091,大唐官府，狮驼岭，月宫，方寸山，龙宫，魔王寨，花果山,剑侠客，逍遥生，杀破狼，漠少君，虎头怪，龙太子，神天兵，羽灵神,高冷小暖心ι,龙太子,0,0,48,4885,2758,587,1130,1248,1309,271,2581,1%,0%,0%,0%,2313,2328,31,30,0,26,0,体质：117魔力：115力量：736耐力：115敏捷：115,铁扇公主（⭐ ⭐ ⭐ ）、牛魔王（⭐ ⭐ ⭐ ）、酒肉和尚（⭐ ⭐ ⭐ ）、空度禅师（⭐ ⭐ ⭐ ）、玉面狐狸（⭐ ⭐ ⭐ ）、法明长老（⭐ ⭐ ）、老鼠精（⭐ ）、大鹏王（⭐ ）、孙悟空（天地）、黄袍怪（天地）、汤圆（天地）、青莲仙女（天地）、李天王（天地）、蝎子精（天地）、惠岸行者（天地）、飞霞（天地）、阎罗王（天）、青狮王（天）、万圣公主（天）、玉兔精（天）、西海龙王（天）、嫦娥（天）、孙婆婆（天）、小白龙（天）、司药御侍（天）、星宿神君（天）、红孩儿（天）、大当家（天）、九头虫（天）、观音菩萨（天）、猪八戒（天）、唐僧（天）、九灵元圣（天）、菩提老祖（天）、北海龙女（天）、沙和尚（天）、百花羞（天）、太白金星（天）、白象王（天）,1665,瑶池蜃境·1层通关、江湖小虾、渔家乐·在水一方、剑会群雄·千胜、剑会群雄·显赫、笛师·行云流水、六星地煞·移山覆海、梦幻迷城·精英二级、擂台争霸·战将、剑会群雄·嗜血、月华尊者、竞技场·嗜血、鹤鸣九皋、如鱼水·浪里白条、精灵小助手·窥径、擂台争霸·幕后英雄、梦幻竞猜·睹始如终、剑会群雄·封印有术、竞技场·百胜、剑会群雄·救死扶伤、考古者·古迹烟尘、竞技场·封印有术、竞技场·百战、考古者·墨色陈香、剑会群雄·精英二级、诲人不倦、剑会群雄·助人为乐、竞技场·助人为乐、亿万热爱·青春梦幻,,
"https://my-vivo.cbg.163.com/cgi/mweb/equip/380/202311111401716-380-WPWHWEUGM0I5?view_loc=search_cond%7Ctag_key%3A%7B%22is_from_ad_reco%22%3A%200,%20%22tag%22%3A%20%22user%22%7D&reco_request_id=1700857406530g-kvs&tag=user",115,       同价位超越98.70%角色     惊雷碎胆·四件(2/4)8红神宠特技x1逆满法宝x1满阶门派法宝满阶乾坤一脉,6天10时,,花果山,57687,29675,28012,10372,大唐官府，月宫，狮驼岭，花果山,剑侠客，龙太子，杀破狼，羽灵神，漠少君,忙里偷闲°,龙太子,25,"2,334,235",54,5774,2721,651,1260,1042,1328,245,2495,2%,0%,0%,0%,0,2320,26,28,23,28,0,体质：115魔力：115力量：673耐力：115敏捷：186,法明长老（⭐ ）、阎罗王（天地）、孙悟空（天地）、汤圆（天地）、孙婆婆（天地）、红孩儿（天地）、观音菩萨（天地）、唐僧（天地）、惠岸行者（天地）、西海龙王（天）、小白龙（天）、老鼠精（天）、猪八戒（天）、蝎子精（天）、铁扇公主（天）、北海龙女（天）、牛魔王（天）、黄眉（天）、飞霞（天）、白象王（天）、大鹏王（天）、杏林仙、星宿神君、百花羞,1517,瑶池蜃境·1层通关、江湖小虾、竞技场·小试牛刀、九黎·号令四方、九黎·三韬六略、剑会群雄·崇拜、为人师表、擂台争霸·战将、地煞·履水吐焰、剑会群雄·嗜血、混沌道尊首杀·1层、鹤鸣九皋、剑会群雄·先锋三级、精灵小助手·窥径、擂台争霸·幕后英雄、梦幻竞猜·睹始如终、竞技场·百胜、剑会群雄·救死扶伤、竞技场·百战、敦煌贵客、剑会群雄·助人为乐、梦幻迷城·新秀二级、剑会群雄·百胜、搅海帅首,,
"https://my-vivo.cbg.163.com/cgi/mweb/equip/317/202310301901716-317-U6EJOBRXHTDA?view_loc=search_cond%7Ctag_key%3A%7B%22is_from_ad_reco%22%3A%200,%20%22tag%22%3A%20%22user%22%7D&reco_request_id=1700857406530g-kvs&tag=user",115,       同价位超越98.40%角色     满11段8红神宠逆满法宝x1满阶门派法宝满级阵法x4,10天18时,,狮驼岭,54970,28978,25992,9340,大唐官府，狮驼岭，普陀山，阴曹地府，魔王寨，龙宫，方寸山,剑侠客，逍遥生，杀破狼，龙太子，巨魔王,大叔有丶飘,杀破狼,0,"73,735",54,6041,2760,560,1173,973,1244,215,2553,2%,0%,0%,0%,11,2322,0,0,26,0,18,体质：115魔力：117力量：740耐力：116敏捷：116,猪八戒（天地）、铁扇公主（天地）、孙悟空（天地）、唐僧（天地）、惠岸行者（天地）、老鼠精（天地）、红孩儿（天地）、阎罗王（天）、观音菩萨（天）、西海龙王（天）、小白龙（天）、大鹏王（天）、汤圆、北海龙女、沙和尚、百花羞、星宿神君,1294,剑会群雄·救死扶伤、竞技场·小试牛刀、明日之星、剑会群雄·治疗高手、剑会群雄·钦佩、三界妖将、梦幻迷城·新秀三级、地煞·履水吐焰、擂台争霸·战将、剑会群雄·百胜、剑会群雄·战将二级、八斗之才、剑会群雄·小试牛刀、竞技场·十胜、精灵小助手·窥径、亿万热爱·青春梦幻、循循善诱,,
"https://my-vivo.cbg.163.com/cgi/mweb/equip/367/202310171901716-367-VHBXJWTEECHC?view_loc=search_cond%7Ctag_key%3A%7B%22is_from_ad_reco%22%3A%200,%20%22tag%22%3A%20%22user%22%7D&reco_request_id=1700857406530g-kvs&tag=user",115,       同价位超越96.61%角色     满11段8红神宠特技x1满阶门派法宝满阶乾坤一脉满级阵法x2,11天12时,,花果山,56956,29038,27918,10088,方寸山，月宫，大唐官府，狮驼岭，龙宫，花果山,剑侠客，龙太子，漠少君，杀破狼，羽灵神，虎头怪,璑珂取玳。,龙太子,0,"1,598,913",48,5251,2854,560,1193,1088,1440,293,2591,3%,0%,0%,0%,0,2323,60,29,0,25,35,体质：115魔力：115力量：738耐力：115敏捷：115,铁扇公主（⭐ ⭐ ⭐ ）、大鹏王（⭐ ⭐ ⭐ ）、孙悟空（⭐ ）、杏林仙（天地）、万圣公主（天地）、北海龙子（天地）、西海龙王（天地）、汤圆（天地）、法明长老（天地）、镇元子（天地）、孙婆婆（天地）、司药御侍（天地）、小白龙（天地）、老鼠精（天地）、红孩儿（天地）、观音菩萨（天地）、蝎子精（天地）、猪八戒（天地）、唐僧（天地）、菩提老祖（天地）、金箍棒灵（天地）、牛魔王（天地）、惠岸行者（天地）、北海龙王（天地）、太白金星（天地）、飞霞（天地）、阎罗王（天）、青莲仙女（天）、星宿神君（天）、白无常（天）、九灵元圣（天）、沙和尚（天）、百花羞（天）、空度禅师（天）,1206,剑会群雄·封印有术、竞技场·百胜、剑会群雄·救死扶伤、考古者·古迹烟尘、九黎·扬名五洲、剑会群雄·精英一级、竞技场·百战、敦煌贵客、九黎·三韬六略、明日之星、剑会群雄·助人为乐、剑会群雄·钦佩、梦幻迷城·新秀二级、地煞·履水吐焰、擂台争霸·战将、剑会群雄·百胜、为人师表、竞技场·嗜血、八斗之才、剑会群雄·小试牛刀、搅海帅首、精灵小助手·窥径,,
"https://my-vivo.cbg.163.com/cgi/mweb/equip/353/202307091901716-353-GVJS8CLPH8ZL?view_loc=search_cond%7Ctag_key%3A%7B%22is_from_ad_reco%22%3A%200,%20%22tag%22%3A%20%22user%22%7D&reco_request_id=1700857406530g-kvs&tag=user",115,       同价位超越97.51%角色     满12段逆满法宝x1满阶门派法宝满级阵法x4,5天16时,,月宫,50772,29550,21222,9455,大唐官府，月宫，狮驼岭,逍遥生，剑侠客，漠少君，龙太子，虎头怪，羽灵神，神天兵，杀破狼,拜神不如拜仁,龙太子,0,"491,670",51,4730,2815,574,1152,1278,1272,222,2362,1%,0%,0%,2%,2300,2329,59,30,0,28,15,体质：116魔力：115力量：734耐力：118敏捷：118,孙悟空（⭐ ⭐ ⭐ ）、阎罗王（⭐ ）、唐僧（⭐ ）、酒肉和尚（⭐ ）、大鹏王（⭐ ）、青狮王（天地）、北海龙子（天地）、法明长老（天地）、小白龙（天地）、老鼠精（天地）、红孩儿（天地）、李天王（天地）、观音菩萨（天地）、九灵元圣（天地）、菩提老祖（天地）、牛魔王（天地）、惠岸行者（天地）、太白金星（天地）、地藏菩萨（天地）、空度禅师（天地）、白象王（天地）、万圣公主（天）、西海龙王（天）、汤圆（天）、哪吒（天）、孙婆婆（天）、司药御侍（天）、杨戬（天）、九头虫（天）、铁扇公主（天）、猪八戒（天）、杏林仙、玉兔精、黄袍怪、嫦娥、银角大王、青莲仙女、情丝娘子、镇元子、星宿神君、白无常、大当家、蝎子精、黑无常、金箍棒灵、北海龙女、沙和尚、金角大王、百花羞、北海龙王、黄眉、飞霞、玉面狐狸,1629,瑶池蜃境·1层通关、七星地煞·举火燎天、九黎·扬名五洲、九黎·号令四方、剑会群雄·显赫、剑会群雄·勇者二级、剑会群雄·嗜血、月华尊者、竞技场·嗜血、擂台争霸·无双、鹤鸣九皋、梦幻迷城·精英一级、如鱼水·浪里白条、精灵小助手·窥径、擂台争霸·幕后英雄、梦幻竞猜·睹始如终、剑会群雄·封印有术、竞技场·百胜、剑会群雄·救死扶伤、竞技场·百战、武神坛·战将、诲人不倦、明日之星、剑会群雄·助人为乐、竞技场·助人为乐、剑会群雄·百胜、亿万热爱·青春梦幻,,
"https://my-vivo.cbg.163.com/cgi/mweb/equip/317/202310122101716-317-CZG6VTVKL51I?view_loc=search_cond%7Ctag_key%3A%7B%22is_from_ad_reco%22%3A%200,%20%22tag%22%3A%20%22user%22%7D&reco_request_id=1700857406530g-kvs&tag=user",115,       同价位超越88.77%角色     ,4天16时,,花果山,50291,25708,24583,8276,龙宫，魔王寨,龙太子，杀破狼,宸ゞ雨中仙人,龙太子,8,"7,739",38,5066,2529,598,972,1101,1295,248,2613,1%,0%,0%,0%,12,2330,0,0,28,0,15,体质：115魔力：115力量：726耐力：116敏捷：116,孙悟空（⭐ ⭐ ⭐ ）、唐僧（⭐ ⭐ ⭐ ）、老鼠精（天地）、北海龙子（天）、汤圆（天）、小白龙（天）、观音菩萨（天）、猪八戒（天）、惠岸行者（天）、大鹏王（天）、杏林仙、万圣公主、玉兔精、西海龙王、孙婆婆、星宿神君、杨戬、红孩儿、李天王、九头虫、铁扇公主、菩提老祖、北海龙女、百花羞、酒肉和尚,1022,剑会群雄·新秀三级、摸鱼儿·初涉垂钓、竞技场·小试牛刀、倚马七纸、竞技场·百战、剑会群雄·十胜、梦幻迷城·新秀三级、地煞·履水吐焰、盖世英雄、剑会群雄·敬重、竞技场·十胜、搅海帅首、精灵小助手·窥径、亿万热爱·青春梦幻,,
"https://my-vivo.cbg.163.com/cgi/mweb/equip/353/202310102201716-353-DSDC8IGJDRWU?view_loc=search_cond%7Ctag_key%3A%7B%22is_from_ad_reco%22%3A%200,%20%22tag%22%3A%20%22user%22%7D&reco_request_id=17008575293727Crfk&tag=user",115,       同价位超越99.18%角色     满11段满级阵法x3,2天18时,,花果山,51004,27340,23664,9119,狮驼岭，月宫，花果山，大唐官府,杀破狼，龙太子，漠少君,ゞ夢紅顏ㄣ,龙太子,0,"13,782",47,5362,2649,541,1157,1000,1341,215,2375,5%,0%,0%,0%,0,2315,0,27,25,0,15,体质：116魔力：115力量：640耐力：116敏捷：210,孙悟空（⭐ ）、猪八戒（天地）、唐僧（天地）、菩提老祖（天地）、西海龙王（天地）、惠岸行者（天地）、孙婆婆（天地）、大鹏王（天地）、阎罗王（天）、九头虫（天）、观音菩萨（天）、铁扇公主（天）、北海龙子（天）、黑无常（天）、汤圆（天）、哪吒（天）、北海龙女（天）、百花羞（天）、镇元子（天）、太白金星（天）、小白龙（天）、星宿神君（天）、老鼠精（天）、红孩儿（天）、李天王（天）,1247,剑会群雄·救死扶伤、考古者·古迹烟尘、竞技场·小试牛刀、九黎·号令四方、剑会群雄·十胜、剑会群雄·先锋二级、明日之星、剑会群雄·助人为乐、剑会群雄·钦佩、梦幻迷城·新秀二级、西江月·无名渔夫、地煞·履水吐焰、为人师表、八斗之才、剑会群雄·小试牛刀、竞技场·十胜、搅海帅首、精灵小助手·窥径、亿万热爱·青春梦幻,,
"https://my-vivo.cbg.163.com/cgi/mweb/equip/347/202310031001716-347-PEHEFCKTXMQ3?view_loc=search_cond%7Ctag_key%3A%7B%22is_from_ad_reco%22%3A%200,%20%22tag%22%3A%20%22user%22%7D&reco_request_id=17008575293727Crfk&tag=user",115,       同价位超越98.29%角色     双蓝装备x18红神宠特技x4满阶门派法宝满阶乾坤一脉,9天6时,,花果山,51089,25991,25098,8954,大唐官府，化生寺，方寸山,剑侠客，漠少君,无情。,神天兵,20,"47,652",51,5678,2672,548,1238,731,1110,194,2402,2%,0%,0%,0%,31,2300,0,0,0,26,16,体质：115魔力：115力量：632耐力：115敏捷：224,汤圆（天地）、李天王（天地）、观音菩萨（天地）、铁扇公主（天地）、北海龙王（天地）、惠岸行者（天地）、西海龙王（天）、孙婆婆（天）、百花羞（天）、酒肉和尚（天）、星宿神君,1258,江湖小虾、剑会群雄·救死扶伤、竞技场·小试牛刀、竞技场·百战、桃李天下、剑会群雄·显赫、剑会群雄·精英二级、剑会群雄·治疗高手、精灵小助手·小成、梦幻迷城·新秀二级、地煞·履水吐焰、剑会群雄·百胜、剑会群雄·嗜血、八斗之才、竞技场·十胜、搅海帅首、亿万热爱·青春梦幻,,
"https://my-vivo.cbg.163.com/cgi/mweb/equip/371/202308171201716-371-MVY6JLGJ4WTR?view_loc=search_cond%7Ctag_key%3A%7B%22is_from_ad_reco%22%3A%200,%20%22tag%22%3A%20%22user%22%7D&reco_request_id=17008575293727Crfk&tag=user",115,       同价位超越82.84%角色     双蓝装备x1神兽x1特技x2满级阵法x1,4天7时,,花果山,51003,27616,23387,9792,狮驼岭，月宫，花果山,骨精灵，舞天姬,红伞伞ん,舞天姬,0,"190,490",51,5248,2762,543,1129,983,1404,239,2449,1%,0%,0%,0%,12,2318,27,0,0,0,16,体质：117魔力：115力量：733耐力：117敏捷：119,酒肉和尚（⭐ ⭐ ⭐ ）、大鹏王（⭐ ⭐ ⭐ ）、孙悟空（⭐ ⭐ ）、李天王（⭐ ⭐ ）、蝎子精（⭐ ⭐ ）、唐僧（⭐ ⭐ ）、阎罗王（⭐ ）、法明长老（⭐ ）、青莲仙女（⭐ ）、白无常（⭐ ）、红孩儿（⭐ ）、铁扇公主（⭐ ）、菩提老祖（⭐ ）、北海龙王（⭐ ）、青狮王（天地）、北海龙子（天地）、万圣公主（天地）、西海龙王（天地）、汤圆（天地）、孙婆婆（天地）、小白龙（天地）、老鼠精（天地）、观音菩萨（天地）、猪八戒（天地）、九灵元圣（天地）、黑无常（天地）、金箍棒灵（天地）、北海龙女（天地）、牛魔王（天地）、惠岸行者（天地）、太白金星（天地）、地藏菩萨（天地）、空度禅师（天地）、飞霞（天地）、玉面狐狸（天地）、白象王（天地）、星宿神君、百花羞,1171,竞技场·千战、江湖小虾、竞技场·百胜、倚马七纸、剑会群雄·显赫、剑会群雄·助人为乐、梦幻迷城·新秀三级、历劫英娥、竞技场·助人为乐、地煞·履水吐焰、擂台争霸·战将、剑会群雄·百胜、剑会群雄·战将二级、剑会群雄·嗜血、竞技场·嗜血、剑会群雄·慈悲为怀、精灵小助手·窥径,,
"https://my-vivo.cbg.163.com/cgi/mweb/equip/354/202308102001716-354-895JKDCRVRG4?view_loc=search_cond%7Ctag_key%3A%7B%22is_from_ad_reco%22%3A%200,%20%22tag%22%3A%20%22user%22%7D&reco_request_id=17008575293727Crfk&tag=user",115,       同价位超越94.54%角色     双蓝装备x1满11段特技x2满阶门派法宝满级阵法x2,11天16时,,月宫,52818,28257,24561,10067,月宫，大唐官府,龙太子，剑侠客,ヾ玖·凌云,龙太子,0,"327,063",50,4885,2733,560,1177,1246,1269,276,2513,3%,0%,0%,0%,2335,2312,56,0,28,0,0,体质：116魔力：115力量：730耐力：117敏捷：122,铁扇公主（⭐ ⭐ ⭐ ）、大鹏王（⭐ ⭐ ⭐ ）、李天王（⭐ ⭐ ）、青莲仙女（⭐ ）、唐僧（⭐ ）、菩提老祖（⭐ ）、酒肉和尚（⭐ ）、阎罗王（天地）、孙悟空（天地）、北海龙子（天地）、老鼠精（天地）、白无常（天地）、红孩儿（天地）、蝎子精（天地）、猪八戒（天地）、九灵元圣（天地）、牛魔王（天地）、惠岸行者（天地）、万圣公主（天）、西海龙王（天）、黄袍怪（天）、汤圆（天）、银角大王（天）、孙婆婆（天）、小白龙（天）、星宿神君（天）、黑无常（天）、金箍棒灵（天）、太白金星（天）、白象王（天）、百花羞、黄眉,1266,太阴清客、竞技场·救死扶伤、剑会群雄·封印有术、竞技场·百胜、剑会群雄·救死扶伤、九黎·扬名五洲、绝世奇才、渔家乐·在水一方、竞技场·百战、剑会群雄·显赫、剑会群雄·先锋二级、剑会群雄·助人为乐、六星地煞·移山覆海、渔歌子·海天阔处、剑会群雄·百胜、剑会群雄·嗜血、梦幻迷城·先锋一级、为人师表、竞技场·嗜血、八斗之才、渔家傲·愿者上钩、精灵小助手·窥径,,
"https://my-vivo.cbg.163.com/cgi/mweb/equip/367/202307101501716-367-IQBKS6X7CB7D?view_loc=search_cond%7Ctag_key%3A%7B%22is_from_ad_reco%22%3A%200,%20%22tag%22%3A%20%22user%22%7D&reco_request_id=17008575293727Crfk&tag=user",115,       同价位超越75.82%角色            门派排名第9名     8红神宠特技x3满阶门派法宝满级阵法x1,8天10时,,大唐官府,53628,30416,23212,10280,方寸山，阴曹地府，化生寺，龙宫，魔王寨，月宫，花果山，小雷音，大唐官府,剑侠客，逍遥生，杀破狼，龙太子,三界银枪,剑侠客,2,"368,118",51,5472,2962,647,1087,1231,1278,245,2603,2%,0%,0%,0%,0,2300,0,29,0,24,0,体质：115魔力：115力量：741耐力：115敏捷：115,观音菩萨（⭐ ⭐ ）、法明长老（天地）、小白龙（天地）、红孩儿（天地）、牛魔王（天地）、西海龙王（天）、杨戬（天）、铁扇公主（天）、唐僧（天）、阎罗王、杏林仙、万圣公主、黄袍怪、汤圆、孙婆婆、星宿神君、九灵元圣、北海龙女、百花羞、惠岸行者、白象王、大鹏王,1221,飞骑御使、剑会群雄·封印有术、竞技场·小试牛刀、竞技场·百战、竞技场·治疗高手、剑会群雄·十胜、剑会群雄·助人为乐、梦幻迷城·新秀二级、地煞·履水吐焰、擂台争霸·战将、为人师表、八斗之才、剑会群雄·敬重、竞技场·十胜、剑会群雄·先锋三级、威震三界、精灵小助手·窥径、亿万热爱·青春梦幻,,
"https://my-vivo.cbg.163.com/cgi/mweb/equip/360/202305141901716-360-XEYYXXNZZUHY?view_loc=search_cond%7Ctag_key%3A%7B%22is_from_ad_reco%22%3A%200,%20%22tag%22%3A%20%22user%22%7D&reco_request_id=17008575293727Crfk&tag=user",115,       同价位超越97.76%角色     8红神宠特技x2满阶门派法宝满级阵法x1,2天6时,,大唐官府,50842,27153,23689,9020,大唐官府，化生寺，月宫，狮驼岭，阴曹地府，普陀山，花果山,逍遥生，龙太子，漠少君，剑侠客，杀破狼,是随风吖！,剑侠客,14,"157,958",48,5026,2668,554,1119,1154,1184,240,2372,2%,0%,0%,2%,0,2300,0,0,0,0,0,体质：117魔力：117力量：731耐力：116敏捷：117,红孩儿（⭐ ）、杨戬（天地）、铁扇公主（天地）、牛魔王（天地）、阎罗王（天）、孙悟空（天）、玉兔精（天）、西海龙王（天）、青莲仙女（天）、孙婆婆（天）、小白龙（天）、白无常（天）、李天王（天）、九头虫（天）、猪八戒（天）、蝎子精（天）、唐僧（天）、九灵元圣（天）、北海龙女（天）、百花羞（天）、惠岸行者（天）、太白金星（天）、酒肉和尚（天）、空度禅师（天）、大鹏王（天）、嫦娥、哪吒、银角大王、星宿神君、金角大王,1325,海底蜃境·1层通关、江湖小虾、竞技场·小试牛刀、剑会群雄·精英一级、渔家乐·在水一方、梦幻竞猜·见时知几、剑会群雄·崇拜、渔歌子·海天阔处、地煞·履水吐焰、为人师表、竞技场·十胜、渔家傲·愿者上钩、精灵小助手·窥径、飞骑御使、剑会群雄·救死扶伤、竞技场·百战、剑会群雄·治疗高手、竞技场·助人为乐、梦幻迷城·新秀二级、剑会群雄·百胜、八斗之才、剑会群雄·小试牛刀,,
"https://my-vivo.cbg.163.com/cgi/mweb/equip/351/202303041101716-351-1UJ7OXK2KHAV?view_loc=search_cond%7Ctag_key%3A%7B%22is_from_ad_reco%22%3A%200,%20%22tag%22%3A%20%22user%22%7D&reco_request_id=17008575293727Crfk&tag=user",115,       同价位超越75.93%角色     神兽x3特技x2,2天21时,,大唐官府,48084,25705,22379,8150,无,无,←涛→,英女侠,687,"191,377",48,4882,2519,579,1072,1082,1150,207,2336,3%,0%,0%,0%,0,2300,0,0,0,0,0,体质：124魔力：117力量：705耐力：124敏捷：128,孙悟空（⭐ ⭐ ⭐ ）、铁扇公主（⭐ ⭐ ⭐ ）、唐僧（⭐ ⭐ ⭐ ）、菩提老祖（⭐ ⭐ ）、红孩儿（⭐ ）、酒肉和尚（⭐ ）、万圣公主（天地）、西海龙王（天地）、青莲仙女（天地）、孙婆婆（天地）、小白龙（天地）、蝎子精（天地）、金箍棒灵（天地）、牛魔王（天地）、惠岸行者（天地）、地藏菩萨（天地）、飞霞（天地）、阎罗王（天）、青狮王（天）、杏林仙（天）、北海龙子（天）、玉兔精（天）、黄袍怪（天）、汤圆（天）、嫦娥（天）、法明长老（天）、哪吒（天）、银角大王（天）、情丝娘子（天）、镇元子（天）、司药御侍（天）、星宿神君（天）、老鼠精（天）、白无常（天）、杨戬（天）、大当家（天）、李天王（天）、观音菩萨（天）、九头虫（天）、猪八戒（天）、九灵元圣（天）、黑无常（天）、北海龙女（天）、沙和尚（天）、金角大王（天）、百花羞（天）、北海龙王（天）、太白金星（天）、黄眉（天）、空度禅师（天）、玉面狐狸（天）、白象王（天）、大鹏王（天）,1121,地煞·御风神行、江湖小虾、竞技场·百胜、摸鱼儿·初涉垂钓、竞技场·小试牛刀、渔家乐·在水一方、竞技场·百战、倚马七纸、剑会群雄·先锋一级、剑会群雄·十胜、牡丹御使、精灵小助手·小成、梦幻迷城·新秀二级、为人师表、剑会群雄·扬名、亿万热爱·青春梦幻,,
"https://my-vivo.cbg.163.com/cgi/mweb/equip/358/202305301101716-358-0SCLU7WOUBTP?view_loc=search_cond%7Ctag_key%3A%7B%22is_from_ad_reco%22%3A%200,%20%22tag%22%3A%20%22user%22%7D&reco_request_id=17008575293727Crfk&tag=user",115,       门派排名第15名     8红神宠特技x1逆满法宝x1满阶门派法宝,14时24分,,月宫,50975,26070,24905,8958,大唐官府，狮驼岭,剑侠客，巨魔王,丨灬紫墨灬丨,龙太子,27,"551,239",48,5156,2643,534,1168,1194,1181,235,2276,0%,0%,0%,0%,2300,2315,30,27,0,0,0,体质：121魔力：115力量：722耐力：119敏捷：121,孙悟空（天地）、孙婆婆（天地）、老鼠精（天地）、铁扇公主（天地）、蝎子精（天地）、唐僧（天地）、菩提老祖（天地）、惠岸行者（天地）、飞霞（天地）、大鹏王（天地）、阎罗王（天）、北海龙子（天）、万圣公主（天）、西海龙王（天）、汤圆（天）、法明长老（天）、小白龙（天）、金箍棒灵（天）、北海龙女（天）、牛魔王（天）、地藏菩萨（天）、酒肉和尚（天）、白象王（天）、星宿神君、猪八戒、沙和尚、百花羞、太白金星,1208,竞技场·救死扶伤、江湖小虾、竞技场·百胜、梦幻迷城·勇者二级、剑会群雄·勇者三级、摸鱼儿·初涉垂钓、竞技场·百战、2019时光收藏者、厚德树人、剑会群雄·助人为乐、精灵小助手·小成、竞技场·助人为乐、剑会群雄·百胜、剑会群雄·嗜血、地煞·履水吐焰、竞技场·嗜血、八斗之才、月华尊者、剑会群雄·慈悲为怀、剑会群雄·惊奇,,
"https://my-vivo.cbg.163.com/cgi/mweb/equip/340/202303261001716-340-BJWSEETAZFEX?view_loc=search_cond%7Ctag_key%3A%7B%22is_from_ad_reco%22%3A%200,%20%22tag%22%3A%20%22user%22%7D&reco_request_id=17008575293727Crfk&tag=user",115,       同价位超越83.83%角色     特技x2满级阵法x2,8天8时,,狮驼岭,50788,27742,23046,9290,无,无,寂寞寂寞就好,杀破狼,0,"514,111",45,6772,2699,564,1026,1143,1227,232,2625,0%,0%,0%,0%,0,2300,0,0,0,0,0,体质：117魔力：116力量：732耐力：115敏捷：115,铁扇公主（⭐ ⭐ ⭐ ）、大鹏王（⭐ ⭐ ⭐ ）、阎罗王（天地）、青狮王（天地）、孙悟空（天地）、杏林仙（天地）、北海龙子（天地）、万圣公主（天地）、西海龙王（天地）、黄袍怪（天地）、汤圆（天地）、法明长老（天地）、孙婆婆（天地）、小白龙（天地）、司药御侍（天地）、老鼠精（天地）、红孩儿（天地）、大当家（天地）、李天王（天地）、观音菩萨（天地）、蝎子精（天地）、猪八戒（天地）、唐僧（天地）、九灵元圣（天地）、菩提老祖（天地）、金箍棒灵（天地）、北海龙女（天地）、牛魔王（天地）、百花羞（天地）、金角大王（天地）、北海龙王（天地）、惠岸行者（天地）、地藏菩萨（天地）、空度禅师（天地）、飞霞（天地）、酒肉和尚（天地）、白象王（天地）、玉兔精（天）、嫦娥（天）、哪吒（天）、银角大王（天）、青莲仙女（天）、情丝娘子（天）、镇元子（天）、星宿神君（天）、杨戬（天）、九头虫（天）、黑无常（天）、沙和尚（天）、太白金星（天）、黄眉（天）、玉面狐狸（天）、白无常,1137,竞技场·百胜、剑会群雄·救死扶伤、九黎·号令四方、渔家乐·在水一方、剑会群雄·勇者四级、竞技场·百战、海底蜃境·2层通关、倚马七纸、剑会群雄·显赫、明日之星、剑会群雄·助人为乐、三界妖将、竞技场·助人为乐、渔歌子·海天阔处、地煞·履水吐焰、剑会群雄·百胜、剑会群雄·嗜血、竞技场·嗜血、精灵小助手·窥径、梦幻迷城·先锋三级,,
"https://my-vivo.cbg.163.com/cgi/mweb/equip/328/202306122001716-328-0SWAN4F5R5P8?view_loc=search_cond%7Ctag_key%3A%7B%22is_from_ad_reco%22%3A%200,%20%22tag%22%3A%20%22user%22%7D&reco_request_id=17008575293727Crfk&tag=user",115,满11段特技x2满级阵法x3,8天16时,,月宫,50610,27057,23553,9306,大唐官府，方寸山，狮驼岭，月宫,剑侠客，逍遥生，巨魔王，杀破狼，羽灵神,花王爷゛,龙太子,5,"809,911",51,4789,2536,594,1125,1247,1238,281,2612,0%,0%,0%,0%,2300,2315,25,31,18,0,10,体质：120魔力：118力量：720耐力：117敏捷：126,唐僧（天）、牛魔王（天）、大鹏王（天）、阎罗王、观音菩萨、铁扇公主、杏林仙、九灵元圣、菩提老祖、西海龙王、汤圆、法明长老、北海龙女、青莲仙女、百花羞、镇元子、惠岸行者、地藏菩萨、孙婆婆、司药御侍、小白龙、星宿神君、老鼠精、红孩儿,1365,剑会群雄·封印有术、剑会群雄·救死扶伤、竞技场·小试牛刀、九黎·号令四方、剑会群雄·勇者一级、剑会群雄·助人为乐、地煞·履水吐焰、盖世英雄、剑会群雄·百胜、梦幻迷城·先锋一级、为人师表、月华尊者、剑会群雄·扬名、八斗之才、剑会群雄·小试牛刀、竞技场·十胜、梦幻卡牌·登堂入室、精灵小助手·窥径、亿万热爱·青春梦幻,,
